"DateTime";"Fiyat (open)";"Fiyat (high)";"Fiyat (low)";"Fiyat (close)";"Ağ. Ort. Fiyat";"Hacim"
"2019-07-26 00:00:00";1,125;1,4;0,1315;1,265;1,2959;8073601,73
"2019-07-29 00:00:00";1,325;1,4;1,125;1,25;1,2793;13551071,5
"2019-07-30 00:00:00";1,325;1,4;1;1,31;1,2853;5540359,33
"2019-07-31 00:00:00";1,35;1,4;1,1;1,25;1,3081;20378380,85
"2019-08-01 00:00:00";1,25;1,4;1,125;1,198;1,3098;11914034,38
"2019-08-02 00:00:00";1,325;1,4;1,125;1,25;1,306;17252505,75
"2019-08-05 00:00:00";1,25;1,4;1,125;1,325;1,2983;12359999,75
"2019-08-06 00:00:00";1,35;1,4;1,125;1,32;1,3043;15973608,8
"2019-08-07 00:00:00";1,25;1,35;1,125;1,325;1,3019;6675707,25
"2019-08-08 00:00:00";1,325;1,4;1,125;1,18;1,3093;6105278
"2019-08-09 00:00:00";1,325;1,35;1,125;1,3;1,3165;13722529,9
"2019-08-15 00:00:00";1,325;1,35;1,125;1,21;1,3135;3736967,2
"2019-08-16 00:00:00";1,25;1,35;1,125;1,25;1,3198;6557641,5
"2019-08-19 00:00:00";1,325;1,35;1,125;1,19;1,3168;7188072,45
"2019-08-20 00:00:00";1,35;1,4;1,125;1,39;1,3026;6520564,4
"2019-08-21 00:00:00";1,325;1,69;1,125;1,325;1,3247;5048558,5
"2019-08-22 00:00:00";1,325;1,4;1,125;1,2;1,304;3198244,25
"2019-08-23 00:00:00";1,35;1,4;1,125;1,2;1,3033;2962499,6
"2019-08-26 00:00:00";1,35;1,35;1,125;1,22;1,3151;4457246,35
"2019-08-27 00:00:00";1,35;1,4;1,125;1,33;1,3204;3836693,25
"2019-08-28 00:00:00";1,325;1,35;1,125;1,22;1,3224;3778139,9
"2019-08-29 00:00:00";1,35;1,38;1,125;1,3;1,3039;1808529,81
"2019-09-02 00:00:00";1,35;1,6;1,125;1,6;1,3787;4011813,24
"2019-09-03 00:00:00";1,325;1,6;1,125;1,17;1,342;2948927,65
"2019-09-04 00:00:00";1,4;1,6;1,125;1,32;1,3679;2123447,75
"2019-09-05 00:00:00";1,4;1,42;1,15;1,328;1,3181;3058737,75
"2019-09-06 00:00:00";1,325;1,35;1,125;1,265;1,3199;532095,92
"2019-09-09 00:00:00";1,35;1,35;1,125;1,3;1,324;1259726
"2019-09-10 00:00:00";1,325;1,35;1,25;1,25;1,3119;1308186,5
"2019-09-11 00:00:00";1,325;1,43;1,125;1,43;1,3167;824060,8
"2019-09-12 00:00:00";1,325;1,4;1,25;1,35;1,3206;855239,75
"2019-09-13 00:00:00";1,325;1,45;1,25;1,325;1,3229;1347698,75
"2019-09-16 00:00:00";1,325;1,325;1,125;1,275;1,2916;912956,5
"2019-09-17 00:00:00";1,325;1,335;1,25;1,25;1,3043;734271,2
"2019-09-18 00:00:00";1,325;1,35;1,295;1,3;1,3233;307717,75
"2019-09-19 00:00:00";1,35;1,4;1,25;1,25;1,3294;526724,9
"2019-09-20 00:00:00";1,25;1,62;1,21;1,351;1,3337;729152,34
"2019-09-23 00:00:00";1,25;1,325;1,23;1,255;1,2833;136847,55
"2019-09-24 00:00:00";1,35;1,35;1,25;1,259;1,3021;228454,88
"2019-09-25 00:00:00";1,325;1,45;1,125;1,3;1,3244;187345
"2019-09-26 00:00:00";1,275;1,325;1,25;1,25;1,2675;212512
"2019-09-27 00:00:00";1,325;1,64;1,25;1,38;1,3564;352055,9
"2019-09-30 00:00:00";1,25;1,42;1,125;1,3;1,3183;429127,3
"2019-10-01 00:00:00";1,325;1,4;1,29;1,4;1,3477;445960,1
"2019-10-02 00:00:00";1,25;1,435;1,25;1,285;1,366;517676
"2019-10-03 00:00:00";1,045;1,35;1,045;1,285;1,266;437213,39
"2019-10-04 00:00:00";1,35;1,36;1,26;1,36;1,3221;192009,6
"2019-10-07 00:00:00";1,275;1,49;1,25;1,34;1,3497;639937,6
"2019-10-08 00:00:00";1,325;1,46;1,28;1,355;1,3616;514375,7
"2019-10-09 00:00:00";1,325;1,47;1,2;1,4;1,4013;747859,8
"2019-10-10 00:00:00";1,25;1,61;1,25;1,39;1,4371;411908,6
"2019-10-11 00:00:00";1,325;1,4;1,325;1,392;1,3801;174857,8
"2019-10-14 00:00:00";1,36;1,45;1,275;1,395;1,3769;245028,8
"2019-10-15 00:00:00";1,35;1,5;1,3;1,45;1,3752;599508,9
"2019-10-16 00:00:00";1,3;1,45;1,3;1,35;1,3774;292318
"2019-10-17 00:00:00";1,25;1,51;1,25;1,5;1,4272;736954,1
"2019-10-18 00:00:00";1,35;1,65;1,35;1,384;1,4555;264033,32
"2019-10-21 00:00:00";1,37;1,67;1,125;1,42;1,475;719165,6
"2019-10-22 00:00:00";1,55;1,55;1,395;1,46;1,4391;371425,6
"2019-10-23 00:00:00";1,45;1,495;1,275;1,325;1,3745;442572,21
"2019-10-24 00:00:00";1,275;1,54;1,275;1,4;1,397;422984,4
"2019-10-25 00:00:00";1,25;1,42;1,25;1,4;1,4065;77553,2
"2019-10-28 00:00:00";1,45;1,55;1,45;1,45;1,5047;58200
"2019-10-30 00:00:00";1,475;1,51;1,25;1,435;1,429;393747,8
"2019-10-31 00:00:00";1,395;1,52;1,395;1,49;1,4387;432944,7
"2019-11-01 00:00:00";1,507;1,507;1,35;1,4575;1,446;383183,7
"2019-11-04 00:00:00";1,41;1,5;1,41;1,5;1,462;206322,9
"2019-11-05 00:00:00";1,25;1,505;1,25;1,4;1,4267;407428,07
"2019-11-06 00:00:00";1,499;1,499;1,44;1,44;1,4601;173543,02
"2019-11-07 00:00:00";1,49;1,52;1,425;1,435;1,469;393943,4
"2019-11-08 00:00:00";1,464;1,495;1,464;1,465;1,4767;177029,78
"2019-11-11 00:00:00";1,375;1,511;1,375;1,47;1,4627;216452,82
"2019-11-12 00:00:00";1,375;1,54;1,375;1,47;1,4652;247325,77
"2019-11-13 00:00:00";1,45;1,5;1,415;1,465;1,4583;487762,55
"2019-11-14 00:00:00";1,4995;1,51;1,45;1,51;1,483;213723,23
"2019-11-15 00:00:00";1,525;1,53;1,525;1,53;1,5255;52386,9
"2019-11-18 00:00:00";1,515;1,535;1,425;1,51;1,4828;486507,9
"2019-11-19 00:00:00";1,48;1,56;1,38;1,45;1,4873;236655,6
"2019-11-20 00:00:00";1,45;1,5;1,4;1,484;1,4649;308582,53
"2019-11-21 00:00:00";1,63;1,63;1,35;1,48;1,4707;385610,91
"2019-11-22 00:00:00";1,55;1,617;1,42;1,47;1,456;285255,38
"2019-11-25 00:00:00";1,48;1,62;1,445;1,45;1,4834;601848,6
"2019-11-26 00:00:00";1,45;1,47;1,45;1,47;1,4646;75120,6
"2019-11-27 00:00:00";1,52;1,55;1,32;1,455;1,4736;412288,55
"2019-11-28 00:00:00";1,641;1,641;1,45;1,485;1,4811;624669,1
"2019-11-29 00:00:00";1,275;1,51;1,275;1,48;1,4765;595130,8
"2019-12-02 00:00:00";1,43;1,6;1,43;1,55;1,543;710776
"2019-12-03 00:00:00";1,48;1,56;1,47;1,5;1,4892;467291,2
"2019-12-04 00:00:00";1,54;1,58;1,46;1,58;1,5333;150624,06
"2019-12-05 00:00:00";1,46;1,485;1,45;1,485;1,4633;72871,12
"2019-12-06 00:00:00";1,52;1,52;1,46;1,52;1,5008;137236
"2019-12-09 00:00:00";1,56;1,61;1,54;1,54;1,5791;75906,4
"2019-12-10 00:00:00";1,55;1,61;1,4;1,51;1,5509;316608,7
"2019-12-11 00:00:00";1,425;1,61;1,375;1,54;1,4333;7454578,45
"2019-12-12 00:00:00";1,45;1,63;1,375;1,45;1,4506;1095851,1
"2019-12-13 00:00:00";1,45;1,55;1,4;1,4;1,4374;621849,7
"2019-12-16 00:00:00";1,55;1,65;1,49;1,51;1,5438;323847,9
"2019-12-17 00:00:00";1,5;1,675;1,4;1,45;1,5244;564743,7
"2019-12-18 00:00:00";1,66;1,7;1,5;1,52;1,61;435685,8
"2019-12-19 00:00:00";1,6;1,685;1,375;1,56;1,4536;1130183,7
"2019-12-20 00:00:00";1,64;1,64;1,359;1,525;1,5232;463458,78
"2019-12-23 00:00:00";1,45;1,66;1,4;1,55;1,5202;407417,2
"2019-12-24 00:00:00";1,5;1,68;1,48;1,51;1,5679;518767,8
"2019-12-25 00:00:00";1,56;1,66;1,47;1,47;1,5618;609268,5
"2019-12-26 00:00:00";1,54;1,685;1,48;1,685;1,555;703134,5
"2019-12-27 00:00:00";1,53;1,7;1,5;1,595;1,5841;573238,1
"2019-12-30 00:00:00";1,49;1,6;1,49;1,59;1,5513;497713,6
"2019-12-31 00:00:00";1,55;1,6;1,545;1,545;1,5706;308504,6
"2020-01-02 00:00:00";1,56;1,615;1,56;1,6;1,5966;273889,2
"2020-01-03 00:00:00";1,56;1,58;1,56;1,56;1,5619;390067,2
"2020-01-06 00:00:00";1,6;1,7;1,55;1,55;1,6297;174070
"2020-01-07 00:00:00";1,35;1,69;1,35;1,6;1,584;407013,6
"2020-01-08 00:00:00";1,54;1,6;1,54;1,55;1,5524;183771,8
"2020-01-09 00:00:00";1,55;1,68;1,48;1,68;1,5587;511995
"2020-01-10 00:00:00";1,6;1,7;1,5;1,59;1,5928;288452,6
"2020-01-13 00:00:00";1,56;1,68;1,55;1,57;1,6035;422039,3
"2020-01-14 00:00:00";1,575;1,675;1,575;1,6;1,6055;309452,8
"2020-01-15 00:00:00";1,585;1,685;1;1,56;1,5758;343956,84
"2020-01-16 00:00:00";1,475;1,565;1,4;1,475;1,4647;136122575,7
"2020-01-17 00:00:00";1,475;1,68;1,425;1,68;1,4702;48458285,55
"2020-01-18 00:00:00";1,475;1,68;1,425;1,68;1,4702;48458285,55
"2020-01-20 00:00:00";1,5;1,66;1,425;1,475;1,4783;10283057,95
"2020-01-21 00:00:00";1,5;1,669;1,425;1,669;1,4836;4011904,99
"2020-01-22 00:00:00";1,5;1,67;1,425;1,55;1,4966;3321109,1
"2020-01-23 00:00:00";1,55;1,665;1,5;1,58;1,583;937047,6
"2020-01-24 00:00:00";1,665;1,7;1,525;1,6;1,6064;536215
"2020-01-27 00:00:00";1,59;1,67;1,55;1,6;1,5628;1946423,6
"2020-01-28 00:00:00";1,6;1,67;1,55;1,6;1,6075;815579,2
"2020-01-29 00:00:00";1,55;1,65;1,5;1,625;1,5566;1136974,5
"2020-01-30 00:00:00";1,56;1,65;1,56;1,63;1,5992;273194,7
"2020-02-03 00:00:00";1,65;1,68;1,6;1,6;1,6114;535833,4
"2020-02-04 00:00:00";1,67;1,7;1,5;1,5;1,578;265129,4
"2020-02-05 00:00:00";1,6;1,73;1,6;1,6;1,652;275912,4
"2020-02-06 00:00:00";1,5;1,7;1,5;1,6;1,6233;313593,8
"2020-02-07 00:00:00";1,63;1,645;1,6;1,62;1,6308;368831,25
"2020-02-10 00:00:00";1,58;1,66;1,58;1,595;1,6002;173330,4
"2020-02-11 00:00:00";1,5;1,65;1,5;1,59;1,6211;365018
"2020-02-12 00:00:00";1,64;1,71;1,58;1,58;1,6697;134011,7
"2020-02-13 00:00:00";1,5;1,73;1,5;1,63;1,619;259772,7
"2020-02-14 00:00:00";1,5;1,56;1,425;1,475;1,4793;175172638,85
"2020-02-17 00:00:00";1,5;1,575;1,425;1,56;1,4766;26425502,65
"2020-02-18 00:00:00";1,45;1,6;1,425;1,57;1,4768;6139894,7
"2020-02-19 00:00:00";1,475;1,6;1,33;1,475;1,4753;4969112,14
"2020-02-20 00:00:00";1,61;1,61;1,575;1,585;1,5861;177576,6
"2020-02-21 00:00:00";1,575;1,575;1,555;1,555;1,5699;146782,5
"2020-02-24 00:00:00";1,5;1,6;1,5;1,555;1,5666;175930,85
"2020-02-25 00:00:00";1,55;1,65;1,55;1,56;1,5874;196613,6
"2020-02-26 00:00:00";1,575;1,622;1,575;1,622;1,5987;84540,9
"2020-02-27 00:00:00";1,57;1,6;1,55;1,58;1,5667;197557,4
"2020-02-28 00:00:00";1,58;1,635;1,575;1,59;1,5929;254307
"2020-03-02 00:00:00";1,6;1,69;1,565;1,69;1,5841;260083,6
"2020-03-03 00:00:00";1,58;1,6;1,3;1,6;1,4383;277905
"2020-03-04 00:00:00";1,635;1,685;1,499;1,685;1,5838;474706,9
"2020-03-05 00:00:00";1,595;1,63;1,55;1,63;1,5838;355341
"2020-03-06 00:00:00";1,54;1,68;1,475;1,586;1,5854;492908,3
"2020-03-09 00:00:00";1,595;1,595;1,45;1,57;1,5595;491172,6
"2020-03-10 00:00:00";1,565;1,68;1,56;1,6;1,5826;690719,3
"2020-03-11 00:00:00";1,56;1,68;1,56;1,565;1,6152;179483,6
"2020-03-12 00:00:00";1,45;1,575;1,425;1,475;1,4857;162168592,78
"2020-03-13 00:00:00";1,475;1,55;1,425;1,475;1,4756;19335420,5
"2020-03-16 00:00:00";1,475;1,675;1,3;1,5;1,4824;14766556,22
"2020-03-17 00:00:00";1,475;1,598;1,425;1,475;1,4903;5372287,06
"2020-03-18 00:00:00";1,475;1,63;1,425;1,475;1,4902;6765834,5
"2020-03-19 00:00:00";1,475;1,675;1,425;1,675;1,497;9131093,7
"2020-03-20 00:00:00";1,475;1,67;1,425;1,475;1,4807;7693113,28
"2020-03-23 00:00:00";1,54;1,6;1,54;1,58;1,5815;208831,7
"2020-03-24 00:00:00";1,58;1,73;1,5;1,59;1,5941;390634,6
"2020-03-25 00:00:00";1,6;1,65;1,5;1,63;1,6044;640052,77
"2020-03-26 00:00:00";1,61;1,65;1,56;1,56;1,6281;301770,25
"2020-03-27 00:00:00";1,6;1,65;1,57;1,57;1,638;431187
"2020-03-30 00:00:00";1,58;1,65;1,575;1,6;1,605;376350,2
"2020-03-31 00:00:00";1,6;1,72;1,575;1,65;1,642;420105
"2020-04-01 00:00:00";1,63;1,65;1,55;1,65;1,6378;267218
"2020-04-02 00:00:00";1,66;1,7;1,59;1,67;1,6668;464382,9
"2020-04-03 00:00:00";1,559;1,7;1,559;1,62;1,6383;239517,12
"2020-04-06 00:00:00";1,63;1,65;1,595;1,63;1,6297;227241,1
"2020-04-07 00:00:00";1,62;1,735;1,52;1,52;1,6167;362910,3
"2020-04-08 00:00:00";1,64;1,7;1,6;1,645;1,6451;398316,7
"2020-04-09 00:00:00";1,625;1,75;1,579;1,645;1,6398;413674,88
"2020-04-10 00:00:00";1,64;1,65;1,6;1,645;1,6269;344127,2
"2020-04-13 00:00:00";1,475;1,65;1,425;1,475;1,4809;186063514,6
"2020-04-14 00:00:00";1,5;1,688;1,425;1,475;1,4863;48910228,3
"2020-04-15 00:00:00";1,475;1,68;1,425;1,475;1,4937;9394646,88
"2020-04-16 00:00:00";1,5;1,67;1,45;1,65;1,4874;8093611,9
"2020-04-17 00:00:00";1,475;1,65;1,475;1,475;1,4846;3808385,5
"2020-04-20 00:00:00";1,45;1,6;1,425;1,475;1,4808;2871611
"2020-04-21 00:00:00";1,475;1,74;1,425;1,699;1,4858;11884360,41
"2020-04-22 00:00:00";1,475;1,7;1,425;1,63;1,4986;7708319,2
"2020-04-24 00:00:00";1,475;1,67;1,45;1,475;1,5085;928469,2
"2020-04-27 00:00:00";1,475;1,74;1,425;1,699;1,5436;1984316,8
"2020-04-28 00:00:00";1,649;1,68;1,63;1,63;1,6474;400546,94
"2020-04-29 00:00:00";1,67;1,7;1,65;1,7;1,6769;899991,78
"2020-04-30 00:00:00";1,6;1,72;1,6;1,7;1,6814;723403,05
"2020-05-04 00:00:00";1,63;1,705;1,58;1,7;1,682;457793,95
"2020-05-05 00:00:00";1,67;1,7;1,599;1,63;1,6798;406905,42
"2020-05-06 00:00:00";1,68;1,7111;1,6355;1,7111;1,6711;266226,13
"2020-05-07 00:00:00";1,67;1,71;1,62;1,6875;1,6908;131713,85
"2020-05-08 00:00:00";1,691;1,691;1,6;1,64;1,6474;224440,88
"2020-05-11 00:00:00";1,63;1,72;1,56;1,67;1,682;342854,1
"2020-05-12 00:00:00";1,6;1,64;1,55;1,57;1,5805;89648
"2020-05-13 00:00:00";1,619;1,65;1,562;1,562;1,6286;196054,68
"2020-05-14 00:00:00";1,525;1,7;1,425;1,475;1,4786;38541383,15
"2020-05-15 00:00:00";1,475;1,7;1,45;1,45;1,4716;18207345,09
"2020-05-18 00:00:00";1,475;1,655;1,45;1,6199;1,5513;460226,6
"2020-05-20 00:00:00";1,45;1,63;1,45;1,63;1,4737;677890,2
"2020-05-21 00:00:00";1,63;1,64;1,475;1,5;1,5281;405105,8
"2020-05-22 00:00:00";1,589;1,665;1,45;1,45;1,4951;2096583,4
"2020-05-28 00:00:00";1,64;1,64;1,64;1,64;1,64;56334
"2020-05-29 00:00:00";1,65;1,65;1,58;1,58;1,6309;161429,3
"2020-06-01 00:00:00";1,65;1,65;1,5;1,5;1,6196;953847
"2020-06-02 00:00:00";1,6;1,65;1,575;1,579;1,6096;595457
"2020-06-03 00:00:00";1,575;1,65;1,575;1,6;1,6377;6300025,5
"2020-06-04 00:00:00";1,6;1,65;1,575;1,62;1,6232;8508689,9
"2020-06-05 00:00:00";1,6;1,65;1,575;1,6;1,6196;4543156,75
"2020-06-08 00:00:00";1,65;1,67;1,575;1,67;1,6174;12311464,55
"2020-06-09 00:00:00";1,65;1,65;1,575;1,65;1,6361;4335179
"2020-06-10 00:00:00";1,575;1,65;1,575;1,62;1,6325;6766720,95
"2020-06-11 00:00:00";1,6;1,662;1,35;1,662;1,6124;5745321,06
"2020-06-12 00:00:00";1,6;1,65;1,52;1,625;1,6289;2244460,45
"2020-06-15 00:00:00";1,65;1,65;1,575;1,61;1,6373;5566763,05
"2020-06-16 00:00:00";1,65;1,65;1,45;1,45;1,6058;1468881
"2020-06-17 00:00:00";1,625;1,65;1,475;1,475;1,6292;9197479
"2020-06-18 00:00:00";1,65;1,65;1,475;1,475;1,6237;2684919,5
"2020-06-19 00:00:00";1,625;1,65;1,575;1,65;1,626;5267377
"2020-06-22 00:00:00";1,575;1,65;1,575;1,6;1,6227;11610789
"2020-06-23 00:00:00";1,625;1,65;1,575;1,6;1,6319;4369539,5
"2020-06-24 00:00:00";1,65;1,87;1,575;1,87;1,6682;5091607,8
"2020-06-25 00:00:00";1,65;1,88;1,575;1,87;1,6831;8074663,8
"2020-06-26 00:00:00";1,625;1,89;1,575;1,87;1,711;3174659
"2020-06-29 00:00:00";1,7;1,89;1,425;1,69;1,6632;6787059,07
"2020-06-30 00:00:00";1,575;1,7;1,425;1,6;1,6256;12493129,75
"2020-07-01 00:00:00";1,65;1,7;1,425;1,69;1,632;12246776,2
"2020-07-02 00:00:00";1,625;1,725;1,425;1,6;1,6371;13795105,25
"2020-07-03 00:00:00";1,6;1,7;1,425;1,66;1,6352;20094579,3
"2020-07-06 00:00:00";1,65;1,75;1,425;1,75;1,6334;42028286
"2020-07-07 00:00:00";1,6;1,7;1,425;1,63;1,642;25517585,2
"2020-07-08 00:00:00";1,6;1,7;1,425;1,7;1,6364;23659375,95
"2020-07-09 00:00:00";1,575;1,745;1,425;1,72;1,6401;22355072,3
"2020-07-10 00:00:00";1,6;1,85;1,425;1,685;1,6406;18465336,5
"2020-07-13 00:00:00";1,65;1,71;1,425;1,69;1,6379;34586363,35
"2020-07-14 00:00:00";1,6;1,75;1,425;1,69;1,6345;37953661,65
"2020-07-16 00:00:00";1,625;1,8;1,425;1,685;1,6363;25749183,96
"2020-07-17 00:00:00";1,425;1,8;1,425;1,69;1,6399;29869785,41
"2020-07-20 00:00:00";1,6;1,8;1,425;1,694;1,6463;18926210,72
"2020-07-21 00:00:00";1,575;1,82;1,425;1,71;1,6434;14302727,14
"2020-07-22 00:00:00";1,625;1,84;1,575;1,77;1,6829;8844864,55
"2020-07-23 00:00:00";1,575;1,82;1,425;1,729;1,6592;10381980,08
"2020-07-24 00:00:00";1,6;1,76;1,425;1,74;1,6653;4426023,28
"2020-07-27 00:00:00";1,575;1,815;1,575;1,72;1,6684;5846522,8
"2020-07-28 00:00:00";1,575;1,77;1,575;1,71;1,6594;6581492,55
"2020-07-29 00:00:00";1,575;1,775;1,575;1,71;1,6763;6006838,48
"2020-07-30 00:00:00";1,575;1,779;1,575;1,71;1,6584;2254024,69
"2020-08-04 00:00:00";1,6;1,8;1,575;1,72;1,6987;1479775,2
"2020-08-05 00:00:00";1,6;1,78;1,35;1,765;1,6977;2487809,05
"2020-08-06 00:00:00";1,425;1,82;1,425;1,72;1,7133;2072013,2
"2020-08-07 00:00:00";1,625;1,8;1,575;1,735;1,7066;3254239,68
"2020-08-10 00:00:00";1,6;1,81;1,6;1,7299;1,7136;1696970,04
"2020-08-11 00:00:00";1,65;1,85;1,625;1,725;1,7257;2439193,28
"2020-08-12 00:00:00";1,625;1,8;1,575;1,71;1,7187;2695688,5
"2020-08-13 00:00:00";1,625;1,81;1,575;1,81;1,7264;1871770,72
"2020-08-14 00:00:00";1,65;1,95;1,575;1,74;1,7563;1892762,9
"2020-08-17 00:00:00";1,65;1,82;1,625;1,725;1,7321;2589219,19
"2020-08-18 00:00:00";1,7;1,83;1,625;1,78;1,7302;1982009,82
"2020-08-19 00:00:00";1,425;1,78;1,425;1,715;1,7301;2469168,95
"2020-08-20 00:00:00";1,65;1,8;1,6;1,735;1,7298;1932788,84
"2020-08-21 00:00:00";1,65;1,83;1,625;1,72;1,7505;1382296,13
"2020-08-24 00:00:00";1,65;1,79;1,65;1,735;1,7294;1281022,12
"2020-08-25 00:00:00";1,625;1,845;1,625;1,78;1,7539;1720904,24
"2020-08-26 00:00:00";1,625;1,85;1,625;1,76;1,7594;1405909,92
"2020-08-27 00:00:00";1,72;1,78;1,7;1,71;1,7353;1070864
"2020-08-28 00:00:00";1,625;1,84;1,625;1,725;1,7444;3173492,75
"2020-08-31 00:00:00";1,7;1,84;1,575;1,8;1,7672;1484891,2
"2020-09-01 00:00:00";1,625;1,84;1,625;1,77;1,7448;2333847,63
"2020-09-02 00:00:00";1,625;1,84;1,625;1,74;1,7563;2923144,73
"2020-09-03 00:00:00";1,74;1,8;1,725;1,782;1,7528;855236,92
"2020-09-04 00:00:00";1,625;1,84;1,625;1,749;1,7814;1290795,23
"2020-09-07 00:00:00";1,749;1,92;1,72;1,76;1,7777;2991616,78
"2020-09-08 00:00:00";1,65;1,83;1,65;1,7;1,7877;1865105,03
"2020-09-09 00:00:00";1,79;1,83;1,75;1,81;1,7985;1271962,09
"2020-09-10 00:00:00";1,799;1,84;1,73;1,8;1,7941;1014012,31
"2020-09-11 00:00:00";1,65;1,9;1,65;1,8;1,8138;2751399,77
"2020-09-14 00:00:00";1,8;1,87;1,76;1,81;1,8023;983397,9
"2020-09-15 00:00:00";1,8;1,89;1,75;1,89;1,8065;2124658,24
"2020-09-16 00:00:00";1,78;1,89;1,75;1,81;1,8167;1695743,31
"2020-09-17 00:00:00";1,81;1,935;1,765;1,79;1,8371;1922064,89
"2020-09-18 00:00:00";1,81;1,925;1,78;1,81;1,843;1049154,28
"2020-09-21 00:00:00";1,81;1,885;1,78;1,84;1,8281;1435926,84
"2020-09-22 00:00:00";1,82;1,885;1,75;1,885;1,8402;3053995,2
"2020-09-23 00:00:00";1,85;1,9;1,795;1,844;1,8504;1622776,16
"2020-09-24 00:00:00";1,855;1,91;1,8;1,905;1,8693;2420479,1
"2020-09-25 00:00:00";1,88;1,91;1,819;1,819;1,8777;2560653,32
"2020-09-28 00:00:00";1,87;1,92;1,8;1,87;1,8813;2086179,55
"2020-09-29 00:00:00";1,875;1,919;1,815;1,875;1,8709;4605941,63
"2020-09-30 00:00:00";1,909;2;1,825;1,9;1,8975;2914732,76
"2020-10-01 00:00:00";1,919;1,965;1,855;1,899;1,9046;1882461,02
"2020-10-02 00:00:00";1,91;1,95;1,875;1,95;1,9165;2803612,53
"2020-10-05 00:00:00";1,89;1,97;1,85;1,92;1,9171;1846106,42
"2020-10-06 00:00:00";1,889;1,975;1,85;1,9;1,9285;4183745,8
"2020-10-07 00:00:00";1,939;1,99;1,86;1,965;1,9457;2979105,35
"2020-10-08 00:00:00";1,964;2;1,85;1,95;1,9434;2711196,3
"2020-10-09 00:00:00";1,949;2,05;1,9;1,945;1,9715;4362799,72
"2020-10-12 00:00:00";1,979;2,15;1,87;2;2,0132;2531439,7
"2020-10-13 00:00:00";1,95;2,065;1,9;2;2,0247;3415492,05
"2020-10-14 00:00:00";2;2,121;1,9;2,05;2,0403;3498974,66
"2020-10-15 00:00:00";2,06;2,2;1,95;2,1;2,0693;2065022,56
"2020-10-16 00:00:00";2,22;2,22;1,95;2,14;2,0689;4195338,95
"2020-10-19 00:00:00";2,109;2,2;2;2,13;2,1057;2051341,2
"2020-10-20 00:00:00";2,2;2,26;1,95;2,07;2,1399;4069082,62
"2020-10-21 00:00:00";2,1;2,201;2;2,19;2,1237;3409682,93
"2020-10-22 00:00:00";2,03;2,2;2;2,1;2,1396;3500790,82
"2020-10-23 00:00:00";2,1;2,3;2,09;2,15;2,1496;3417284,26
"2020-10-26 00:00:00";2,159;2,25;2,1;2,15;2,1681;3674097,92
"2020-10-27 00:00:00";2,14;2,25;2;2,18;2,156;2230396,84
"2020-10-28 00:00:00";2,15;2,22;2,1;2,1;2,1796;1470969,54
"2020-10-30 00:00:00";2,18;2,25;1,9699;2,2;2,1863;5023785,61
"2020-11-02 00:00:00";2,2;2,3;2,08;2,25;2,2145;6338879,53
"2020-11-03 00:00:00";2,2;2,26;2,04;2,225;2,215;5414811,05
"2020-11-04 00:00:00";2,24;2,27;2,06;2,2;2,2132;5360887,88
"2020-11-05 00:00:00";2,2;2,3;2,05;2,26;2,221;3582956,98
"2020-11-06 00:00:00";2,2;2,25;2;2,24;2,2134;1717775,28
"2020-11-09 00:00:00";2,23;2,25;2,05;2,24;2,2105;2893002,62
"2020-11-10 00:00:00";2,23;2,25;2,148;2,2;2,2034;2453664,75
"2020-11-11 00:00:00";2,25;2,25;2,13;2,2;2,1968;2398936,38
"2020-11-12 00:00:00";2,1;2,229;2,1;2,2;2,1611;1636229,01
"2020-11-13 00:00:00";2,224;2,23;1,92;2,1;2,1687;822655,3
"2020-11-16 00:00:00";2,17;2,18;2;2,1;2,1242;1123392,55
"2020-11-17 00:00:00";2,15;2,15;2,05;2,07;2,1136;725635,2
"2020-11-18 00:00:00";2,07;2,464;1,99;1,99;2,0906;3144622,51
"2020-11-19 00:00:00";2,08;2,26;2;2,085;2,0734;1116146,46
"2020-11-20 00:00:00";2,125;2,13;1,99;2,08;2,083;1365678,15
"2020-11-23 00:00:00";2,06;2,1;2;2,1;2,0841;1337886,65
"2020-11-24 00:00:00";2,07;2,12;1,95;2,04;2,0805;557589,15
"2020-11-25 00:00:00";2,1;2,2;2;2,09;2,0736;1410701,5
"2020-11-26 00:00:00";2,1;2,11;2,04;2,07;2,0874;1273717,41
"2020-11-27 00:00:00";2,095;2,1;2,04;2,05;2,0743;839043,44
"2020-11-30 00:00:00";2,05;2,1;1,98;1,99;2,0625;2610837,2
"2020-12-01 00:00:00";2,05;2,12;2;2,05;2,0557;2063719,7
"2020-12-02 00:00:00";2,09;2,1;2,03;2,1;2,0696;1145720,08
"2020-12-03 00:00:00";2,065;2,15;2;2,15;2,0639;1694793,4
"2020-12-04 00:00:00";2,09;2,12;2;2,1;2,0674;1007628,82
"2020-12-07 00:00:00";2,005;2,165;1,99;2,07;2,0684;1015653
"2020-12-08 00:00:00";2,07;2,1;2;2,05;2,0537;2599357,78
"2020-12-09 00:00:00";2,225;2,225;1,99;2,05;2,0716;1785225,37
"2020-12-10 00:00:00";2,05;2,08;2;2,06;2,0546;2368069,19
"2020-12-11 00:00:00";2,05;2,1;2,03;2,06;2,057;2091049,58
"2020-12-14 00:00:00";2,0015;2,3;2;2,075;2,1161;2121666,34
"2020-12-15 00:00:00";2,08;2,3;2;2,065;2,11;1674052,85
"2020-12-16 00:00:00";2,06;2,3;2;2,06;2,0813;2748056,27
"2020-12-17 00:00:00";2,07;2,3;2;2,06;2,1028;1578353,3
"2020-12-18 00:00:00";2;2,1;2;2,02;2,0514;1938883,15
"2020-12-21 00:00:00";2,1;2,12;2;2,05;2,0434;924163,3
"2020-12-22 00:00:00";2,015;2,22;2;2,03;2,0574;1479189,29
"2020-12-23 00:00:00";2,06;2,1;1,9999;2;2,0295;1401263,29
"2020-12-24 00:00:00";2,04;2,08;2,015;2,05;2,0318;474382,66
"2020-12-25 00:00:00";2;2,06;2;2,03;2,0171;631083,55
"2020-12-28 00:00:00";2,02;2,15;1,97;2,01;2,0277;955669,9
"2020-12-29 00:00:00";1,99;2,1;1,95;1,99;1,993;782579,2
"2020-12-30 00:00:00";2,15;2,15;1,95;1,95;1,9895;621253,4
"2020-12-31 00:00:00";2,03;2,03;1,9;1,95;2,0092;133349,5
"2021-01-04 00:00:00";2,12;2,15;1,98;2,05;2,0114;861707
"2021-01-05 00:00:00";2,12;2,12;1,95;2,005;2,0419;328705,95
"2021-01-06 00:00:00";2;2,25;1,98;2,02;2,0021;487572,19
"2021-01-07 00:00:00";1,98;2,119;1,95;1,9999;1,9969;1251225,9
"2021-01-08 00:00:00";2,03;2,2;2;2;2,0385;452357,9
"2021-01-11 00:00:00";2;2,2;1,95;2;1,997;1308200,3
"2021-01-12 00:00:00";2,04;2,12;1,95;1,965;2,0185;646502,33
"2021-01-13 00:00:00";2,04;2,2;2;2,06;2,0397;4100491,65
"2021-01-14 00:00:00";1,9;2,129;1,9;2,06;2,0471;965202,97
"2021-01-15 00:00:00";2,05;2,15;1,97;2,07;2,0761;2392619,92
"2021-01-18 00:00:00";2;2,125;2;2,05;2,0772;2827581,06
"2021-01-19 00:00:00";2,02;2,2;1,9975;2,2;2,0781;2528414,13
"2021-01-20 00:00:00";2,05;2,2;2,045;2,15;2,0991;2641772,04
"2021-01-21 00:00:00";2,06;2,165;2,06;2,15;2,104;1221249,7
"2021-01-22 00:00:00";2,05;2,185;2;2,1;2,0989;3522656,14
"2021-01-25 00:00:00";2,11;2,15;2,075;2,098;2,1192;2533763,6
"2021-01-26 00:00:00";2,15;2,225;2,1;2,18;2,1311;2341502,55
"2021-01-27 00:00:00";2,15;2,19;2;2,15;2,1222;1758179,2
"2021-01-28 00:00:00";2,125;2,25;2,099;2,099;2,1383;929889,18
"2021-01-29 00:00:00";2,07;2,2;2,05;2,15;2,1312;1801557,4
"2021-02-01 00:00:00";2,05;2,25;2,05;2,185;2,1316;1796931,1
"2021-02-02 00:00:00";2,0125;2,25;2;2,2;2,1417;2085966,8
"2021-02-03 00:00:00";2,1;2,26;2,095;2,15;2,1366;1722958
"2021-02-04 00:00:00";2,1;2,2;2,0999;2,2;2,1298;2392109,02
"2021-02-05 00:00:00";2,1;2,2;2,0277;2,1;2,1319;1592175,83
"2021-02-08 00:00:00";2,1;2,2;2;2,145;2,1258;5282211,6
"2021-02-09 00:00:00";2,01;2,17;2,01;2,05;2,083;1721179,6
"2021-02-10 00:00:00";2,16;2,18;2,04;2,05;2,1048;1973078,18
"2021-02-11 00:00:00";2,125;2,13;2;2,1;2,0655;893347,9
"2021-02-12 00:00:00";2,1;2,325;2,03;2,06;2,1194;1215015,24
"2021-02-15 00:00:00";2,05;2,14;1,999;2,06;2,0728;1840027,22
"2021-02-16 00:00:00";2,05;2,14;2;2,05;2,0662;1625836,2
"2021-02-17 00:00:00";2,105;2,16;1,9;2;2,0505;1568822,7
"2021-02-18 00:00:00";2,05;2,14;1,97;2;2,0354;3457229,2
"2021-02-19 00:00:00";2,05;2,14;1,97;1,99;2,0128;2060077,69
"2021-02-22 00:00:00";2;2,135;1,98;2,04;2,0665;1449768,2
"2021-02-23 00:00:00";2,03;2,135;1,95;1,98;2,0074;3978776,6
"2021-02-24 00:00:00";2,03;2,135;1,97;1,975;2,0433;2654826,35
"2021-02-25 00:00:00";2,04;2,135;2;2,11;2,0642;894614,36
"2021-02-26 00:00:00";2;2,15;1,975;2,049;2,0244;3025029,25
"2021-03-01 00:00:00";2,01;2,18;1,975;2,049;2,0548;1381405,1
"2021-03-02 00:00:00";2;2,135;1,98;2,05;2,0544;4041438,46
"2021-03-03 00:00:00";2,03;2,19;1,975;2,09;2,025;20965479,04
"2021-03-04 00:00:00";2,03;2,19;1,98;2,07;2,0335;10250551,9
"2021-03-05 00:00:00";2,06;2,17;2;2,05;2,0743;4210464,62
"2021-03-08 00:00:00";2,05;2,2;1,98;2,04;2,055;3876151,7
"2021-03-09 00:00:00";2,05;2,15;2;2,0999;2,081;2795576,97
"2021-03-10 00:00:00";2,075;2,17;2;2,08;2,0808;1518705,2
"2021-03-11 00:00:00";2;2,15;1,95;2,03;2,0879;3542397,5
"2021-03-12 00:00:00";2,08;2,2;1,96;2,2;2,0249;2650564,54
"2021-03-15 00:00:00";2;2,15;1,96;2,07;2,0764;4147672,28
"2021-03-16 00:00:00";2,065;2,2;2;2,06;2,0806;4507133,75
"2021-03-17 00:00:00";2,065;2,16;2;2,04;2,0674;4062252,77
"2021-03-18 00:00:00";2,065;2,16;1,98;2,06;2,064;1729290,2
"2021-03-19 00:00:00";2,013;2,105;2;2,039;2,0566;2115147,04
"2021-03-22 00:00:00";2,01;2,19;1,98;2,08;2,0727;4368677,67
"2021-03-23 00:00:00";2,075;2,19;2,01;2,17;2,0685;3294643,54
"2021-03-24 00:00:00";2,065;2,19;1,94;2,05;2,073;2684734,21
"2021-03-25 00:00:00";2,075;2,13;2;2,1;2,0681;5586275,38
"2021-03-26 00:00:00";2,075;2,15;1,9;2,05;2,0615;2959679,38
"2021-03-30 00:00:00";2;2,15;1,9;2,1;2,0149;4300968,76
"2021-03-31 00:00:00";2,051;2,1;1,97;2,03;2,0437;2396166,06
"2021-04-01 00:00:00";2,05;2,2;1,9;2,05;2,0548;2346167,92
"2021-04-02 00:00:00";2,02;2,15;1,96;2,049;2,0482;3790918,2
"2021-04-05 00:00:00";2,045;2,18;1,9;2,05;2,0629;2345347,55
"2021-04-06 00:00:00";2,03;2,16;1,985;2,04;2,0491;3090611,54
"2021-04-07 00:00:00";2,02;2,08;1,9;2,025;2,0394;868733,62
"2021-04-08 00:00:00";2,075;2,09;1,91;2,025;2,0424;2498950,6
"2021-04-09 00:00:00";2,035;2,16;1,979;2,035;2,0312;2040941,32
"2021-04-12 00:00:00";2,05;2,06;1,95;1,95;2,0464;983033,28
"2021-04-13 00:00:00";2;2,165;1,95;2,04;2,0444;2903424,84
"2021-04-14 00:00:00";2,09;2,125;1,98;2,075;2,0594;2444169,87
"2021-04-15 00:00:00";2,039;2,125;1,95;2;2,0311;2940934,08
"2021-04-16 00:00:00";2,14;2,14;1,9;1,98;2,0289;2867592,04
"2021-04-19 00:00:00";2,02;2,12;1,9;2;2,0166;2848398,3
"2021-04-20 00:00:00";2,015;2,14;1,939;2,035;2,0391;3689940,36
"2021-04-21 00:00:00";2;2,1;1,8;1,98;2,015;4380867,59
"2021-04-22 00:00:00";2;2,135;1,875;2,029;2,0183;4930625,3
"2021-04-26 00:00:00";2;2,125;1,98;2,05;2,0475;9154710,19
"2021-04-27 00:00:00";2,05;2,25;1,96;2,03;2,0418;9388336,87
"2021-04-28 00:00:00";2,06;2,15;1,9999;2,04;2,0525;5125848,24
"2021-04-29 00:00:00";2,05;2,11;1,99;2,05;2,0464;4280996,28
"2021-04-30 00:00:00";2,05;2,13;1,98;2,046;2,0684;2154141,37
"2021-05-03 00:00:00";2,021;2,15;2,021;2,1;2,0887;707201,47
"2021-05-04 00:00:00";2,08;2,15;1,885;2,08;2,094;2197018,7
"2021-05-05 00:00:00";2,07;2,15;2;2,075;2,0772;1068449,5
"2021-05-06 00:00:00";2;2,2;1,975;2,1;2,1051;2606735,05
"2021-05-07 00:00:00";2,03;2,2;1,99;2,119;2,0852;3696667,73
"2021-05-10 00:00:00";2,1;2,23;2;2,2;2,1272;1459210,11
"2021-05-11 00:00:00";2,05;2,2;1,98;2,12;2,105;1091941
"2021-05-12 00:00:00";2,09;2,1;2,09;2,1;2,0947;175498
"2021-05-17 00:00:00";2,13;2,175;2,05;2,08;2,1047;22786803,85
"2021-05-18 00:00:00";2,1;2,22;2,08;2,11;2,1045;24875040
"2021-05-20 00:00:00";2,09;2,35;2,075;2,26;2,1237;21678053,87
"2021-05-21 00:00:00";2,09;2,34;2,075;2,28;2,1139;18519690,9
"2021-05-24 00:00:00";2,1;2,5;2,08;2,5;2,1181;23476292
"2021-05-25 00:00:00";2,29;2,453;2,075;2,295;2,3363;1436282,26
"2021-05-26 00:00:00";2,3;2,45;2,26;2,31;2,3599;2914002,36
"2021-05-27 00:00:00";2,51;2,51;2,29;2,29;2,3722;1761620,08
"2021-05-28 00:00:00";2,05;2,45;2,05;2,4;2,3053;3369160,38
"2021-05-31 00:00:00";2,38;2,52;2,2;2,45;2,4351;13560586,67
"2021-06-01 00:00:00";2,35;2,5;2,1;2,1;2,4356;2173322,83
"2021-06-02 00:00:00";2,4;2,5;2,16;2,4;2,3959;1288998,54
"2021-06-03 00:00:00";2,4;2,51;2,3;2,5;2,4635;2066211,15
"2021-06-04 00:00:00";2,2;2,53;2,2;2,5;2,4605;1529644,33
"2021-06-07 00:00:00";2,45;2,58;2,343;2,49;2,4884;3022350,8
"2021-06-08 00:00:00";2,479;2,65;2,365;2,5;2,4981;2962674,17
"2021-06-09 00:00:00";2,47;2,58;2,45;2,58;2,5063;3034433,35
"2021-06-10 00:00:00";2,2;2,59;2,2;2,49;2,4987;2649551,23
"2021-06-11 00:00:00";2,449;2,7;2,39;2,52;2,5111;1089473,25
"2021-06-14 00:00:00";2,52;2,56;2,26;2,51;2,503;3682253,06
"2021-06-15 00:00:00";2,5;2,7;2,42;2,42;2,4988;2364858,9
"2021-06-16 00:00:00";2,55;2,62;2,39;2,42;2,4949;6929452
"2021-06-17 00:00:00";2,46;2,59;2,4;2,455;2,5047;8989555,42
"2021-06-18 00:00:00";2,4;2,56;2,4;2,51;2,4668;1519731,97
"2021-06-21 00:00:00";2,425;2,58;2,38;2,45;2,4912;3878792,85
"2021-06-22 00:00:00";2,425;2,55;2,4;2,44;2,4601;3896302,37
"2021-06-23 00:00:00";2,175;2,7;2,175;2,415;2,4535;4234075,7
"2021-06-24 00:00:00";2,43;2,55;2,2;2,2;2,4709;3010339,07
"2021-06-25 00:00:00";2,4;2,55;2,35;2,4;2,4687;3565515,45
"2021-06-28 00:00:00";2,41;2,54;2,35;2,43;2,5091;4775300,02
"2021-06-29 00:00:00";2,25;2,53;2,25;2,5299;2,4789;1731709,09
"2021-06-30 00:00:00";2,175;2,54;2,175;2,53;2,449;3356956,85
"2021-07-01 00:00:00";2,225;2,53;2,225;2,52;2,4215;2382224,1
"2021-07-02 00:00:00";2,225;2,54;2,175;2,34;2,3632;4729316,29
"2021-07-05 00:00:00";2,175;2,55;2,175;2,38;2,3614;5635080,37
"2021-07-06 00:00:00";2,3;2,65;2,175;2,65;2,3082;7749806,03
"2021-07-07 00:00:00";2,175;2,53;2,175;2,4;2,3597;4956112,43
"2021-07-08 00:00:00";2,175;2,72;2,175;2,72;2,3489;5646231,96
"2021-07-09 00:00:00";2,25;2,55;2,2;2,41;2,3227;4426888,71
"2021-07-12 00:00:00";2,225;2,85;2;2,54;2,3397;11880142,76
"2021-07-13 00:00:00";2,2;2,52;2,2;2,315;2,3648;6399813,27
"2021-07-14 00:00:00";2,3;2,61;2,175;2,49;2,3281;7096792,21
"2021-07-16 00:00:00";2,3;2,45;2,05;2,38;2,3283;6527266,58
"2021-07-19 00:00:00";2,25;2,48;2,05;2,35;2,315;3158910,44
"2021-07-26 00:00:00";2,25;3,015;2,175;2,33;2,3219;5231573,55
"2021-07-27 00:00:00";2,175;2,6;2,1;2,51;2,3246;10178538,4
"2021-07-28 00:00:00";2,25;2,56;2,175;2,3;2,319;10415466,34
"2021-07-29 00:00:00";2,3;2,55;2,05;2,29;2,3403;8471418,46
"2021-07-30 00:00:00";2,175;2,55;2,05;2,4;2,3309;7197909,78
"2021-08-02 00:00:00";2,3;2,65;2,175;2,35;2,3438;6832401,76
"2021-08-03 00:00:00";2,2;2,55;2,2;2,36;2,3374;7211984,2
"2021-08-04 00:00:00";2,225;2,72;2,2;2,35;2,3458;7514425,24
"2021-08-05 00:00:00";2,32;2,68;2,3;2,41;2,3861;11150080,59
"2021-08-06 00:00:00";2,29;2,65;2,28;2,46;2,4094;8612309,8
"2021-08-09 00:00:00";2,31;2,58;2,3;2,5;2,426;11463134,6
"2021-08-10 00:00:00";2,35;2,78;2,244;2,45;2,4372;9503044,94
"2021-08-11 00:00:00";2,36;2,62;2,3;2,44;2,4485;8031796,95
"2021-08-12 00:00:00";2,41;2,6;2,35;2,41;2,4398;6197861,22
"2021-08-13 00:00:00";2,44;2,76;2,37;2,45;2,4711;12951969,52
"2021-08-16 00:00:00";2,453;2,85;2,39;2,49;2,4988;11979732
"2021-08-17 00:00:00";2,175;2,76;2,175;2,53;2,5134;12410339,25
"2021-08-18 00:00:00";2,52;2,75;2,44;2,52;2,5312;6442836,6
"2021-08-19 00:00:00";2,05;2,82;2,05;2,528;2,5352;7050587,5
"2021-08-20 00:00:00";2,53;2,85;2,4;2,5;2,5532;5121396,82
"2021-08-23 00:00:00";2,475;2,8;2,45;2,58;2,5362;5317068,25
"2021-08-24 00:00:00";2,48;2,805;2,45;2,59;2,5404;7986241,5
"2021-08-25 00:00:00";2,53;2,92;2,4;2,525;2,567;8151787,42
"2021-08-26 00:00:00";2,49;2,85;2,3;2,535;2,5489;8897685,11
"2021-08-27 00:00:00";2,57;2,85;2,47;2,54;2,5455;6727065,12
"2021-08-31 00:00:00";2,49;2,95;2,45;2,56;2,5478;8631797,36
"2021-09-01 00:00:00";2,58;2,85;2,48;2,58;2,5737;4965194,35
"2021-09-02 00:00:00";2,549;2,85;2,45;2,56;2,5896;5207382,06
"2021-09-03 00:00:00";2,53;2,85;2,5;2,6;2,5755;5207694,1
"2021-09-06 00:00:00";2,55;2,79;2,4;2,53;2,5597;7012407,18
"2021-09-07 00:00:00";2,562;2,8;2,35;2,61;2,5654;10061548,3
"2021-09-08 00:00:00";2,49;2,8;2,47;2,575;2,5879;10357725,16
"2021-09-09 00:00:00";2,575;2,8;2,495;2,52;2,5862;7443419,1
"2021-09-10 00:00:00";2,53;2,85;2,053;2,6;2,6101;9182076,25
"2021-09-13 00:00:00";2,59;2,8;2,499;2,58;2,5885;7011436,1
"2021-09-14 00:00:00";2,5;2,8;2,49;2,587;2,5787;6502311,74
"2021-09-15 00:00:00";2,6;2,83;2,48;2,595;2,6242;5774935,14
"2021-09-16 00:00:00";2,56;2,85;2,35;2,585;2,5886;5852186,75
"2021-09-17 00:00:00";2,575;2,85;2,3;2,6;2,5877;4751845,57
"2021-09-20 00:00:00";2,575;2,9;2,4;2,58;2,6386;6412779,33
"2021-09-21 00:00:00";2,55;2,9;2,5;2,56;2,5947;4997464,93
"2021-09-22 00:00:00";2,59;2,91;2,3;2,63;2,6201;6412414,85
"2021-09-23 00:00:00";2,49;2,901;2,25;2,605;2,6018;8251083,9
"2021-09-24 00:00:00";2,575;2,93;2,475;2,61;2,6115;5645582,99
"2021-09-27 00:00:00";2,6;2,94;2,475;2,665;2,6067;7762437,81
"2021-09-28 00:00:00";2,6;2,95;2,43;2,59;2,5935;12379780,67
"2021-09-29 00:00:00";2,7;2,89;2,4;2,625;2,5456;19282995,11
"2021-09-30 00:00:00";2,6;2,92;2,52;2,655;2,6401;8833020,71
"2021-10-01 00:00:00";2,5;2,97;2,5;2,65;2,6485;8651030,11
"2021-10-04 00:00:00";2,65;2,9;2,55;2,695;2,6736;6358107,51
"2021-10-05 00:00:00";2,6;2,89;2,5;2,66;2,6935;10281001,39
"2021-10-06 00:00:00";2,68;2,9;2,55;2,69;2,7016;11506663,95
"2021-10-07 00:00:00";2,7;2,885;2,6;2,73;2,7081;9990665,08
"2021-10-08 00:00:00";2,73;3;2,6;2,72;2,727;9716096,94
"2021-10-11 00:00:00";2,72;2,92;2,62;2,8;2,7222;8734122,82
"2021-10-12 00:00:00";2,7;3;2,55;2,75;2,73;13500205,41
"2021-10-13 00:00:00";2,65;3,2;2,56;2,745;2,7446;14172788,51
"2021-10-14 00:00:00";2,7;2,96;2,64;2,75;2,7808;12234353,54
"2021-10-15 00:00:00";2,87;3,1;2,69;2,77;2,83;11960907,25
"2021-10-18 00:00:00";2,77;3,15;2,421;2,92;2,8632;13404422,35
"2021-10-19 00:00:00";2,9;3,1;2,4;2,96;2,8624;15718209,89
"2021-10-20 00:00:00";2,95;3,07;2,52;3;2,907;11775103,89
"2021-10-21 00:00:00";2,95;3,1174;2,35;3;2,9602;11359864,59
"2021-10-22 00:00:00";2,9;3,2;2,525;2,9999;2,9692;11909798,01
"2021-10-25 00:00:00";3;3,3;2,55;3,17;3,0959;10043084,18
"2021-10-26 00:00:00";3,1;3,325;2,53;3,15;3,0904;13399770,97
"2021-10-27 00:00:00";3,13;3,33;2,525;3,33;3,0158;19730645,91
"2021-10-28 00:00:00";3,18;3,33;2,54;3,3;3,1586;3810852,79
"2021-11-01 00:00:00";3,15;3,46;2,95;3,2;3,1632;18363526,49
"2021-11-02 00:00:00";3,15;3,385;3,02;3,25;3,1632;28680424,21
"2021-11-03 00:00:00";2,835;3,525;2,835;3,22;3,1546;29694707,05
"2021-11-04 00:00:00";3,3;3,45;3,08;3,24;3,2544;14341265,62
"2021-11-05 00:00:00";3,25;3,525;2,95;3,3;3,2458;18047857,08
"2021-11-08 00:00:00";3,3;3,52;2,64;3,3215;3,3275;15622493,83
"2021-11-09 00:00:00";3,3;3,6;3;3,37;3,3489;20154247,59
"2021-11-10 00:00:00";3,35;3,65;3,135;3,45;3,3838;18298401,31
"2021-11-11 00:00:00";3,5;3,75;2,99;3,4502;3,4843;9718883,59
"2021-11-12 00:00:00";3,65;4;3,29;3,56;3,5826;13511840,46
"2021-11-15 00:00:00";3,55;4;3,1199;3,825;3,7066;14087781,59
"2021-11-16 00:00:00";3,7;4,1;3,3;3,7999;3,818;10472535,43
"2021-11-17 00:00:00";4;4,5;3,44;3,99;3,9637;19079763,41
"2021-11-18 00:00:00";4;4,4;3,3119;4,1;4,1039;22528799,25
"2021-11-19 00:00:00";4,1;4,4;3,63;4,2;4,1967;19845503,44
"2021-11-22 00:00:00";4,1;4,5;3,36;4,15;4,2098;11967675,8
"2021-11-23 00:00:00";2,65;4,55;2,625;4,2;3,6503;29309102,85
"2021-11-24 00:00:00";4,1;4,65;2,63;4,45;4,1021;22014874,04
"2021-11-25 00:00:00";2,65;4,88;2,64;4,27;4,033;19302965,32
"2021-11-26 00:00:00";2,64;4,95;2,64;4,4001;4,2406;23956504,7
"2021-11-29 00:00:00";4,5;5;2,625;2,65;3,9743;26547171,04
"2021-11-30 00:00:00";4,6;5,055;2,64;4,63;4,1144;26768664,14
"2021-12-01 00:00:00";4,7;5,1;2,64;4,57;4,4478;24006869,65
"2021-12-02 00:00:00";2,675;5;2,64;4,5;4,2791;16467600,3
"2021-12-03 00:00:00";4,42;4,9;2,63;4,33;4,281;23858061,89
"2021-12-06 00:00:00";4,4;5;2,63;4,44;4,2794;17765475,71
"2021-12-07 00:00:00";4,5;5,1;2,63;4,25;4,295;10319438,59
"2021-12-08 00:00:00";2,64;4,85;2,64;4,35;4,2582;11690660,89
"2021-12-09 00:00:00";4,4;4,86;2,63;4,2;4,0176;12362564,19
"2021-12-10 00:00:00";2,65;5;2,64;4,2;3,651;15981473,81
"2021-12-13 00:00:00";4,4;4,95;2,64;4,3;4,0148;8606659,9
"2021-12-14 00:00:00";2,64;5,15;2,64;4,51;3,6789;23385329,93
"2021-12-15 00:00:00";2,675;4,88;2,63;4,375;3,6247;33191137,17
"2021-12-16 00:00:00";4,4;4,8;2,65;4,35;4,3734;21744240,9
"2021-12-17 00:00:00";4,45;5;2,64;4,6;4,0419;42837336,8
"2021-12-20 00:00:00";2,65;5,46;2,64;4,82;3,9671;31254448,03
"2021-12-21 00:00:00";4,1499;5,0501;2,64;4,3;3,7029;23568245,78
"2021-12-22 00:00:00";4,3;4,8;2,64;4,2;3,5906;22979659,64
"2021-12-23 00:00:00";2,65;4,45;2,64;3,9;3,3948;17596675,77
"2021-12-24 00:00:00";2,64;4,35;2,63;3,95;2,9374;26502492,71
"2021-12-27 00:00:00";2,675;4,3;2,64;3,85;2,7242;83770999,59
"2021-12-28 00:00:00";2,64;4,2;2,64;3,9;3,4413;6989036,33
"2021-12-29 00:00:00";3,9;4,5;3,75;3,95;3,9619;10495073,66
"2021-12-30 00:00:00";4;4,4;3,85;4,1;4,062;9190253,44
"2021-12-31 00:00:00";4;4,25;3,95;4,139;4,1248;8290407,4
"2022-01-03 00:00:00";4,15;4,5;4;4,3;4,2632;8724663,5
"2022-01-04 00:00:00";4,3;5,21;4,1;4,35;4,2613;7064454,5
"2022-01-05 00:00:00";4,185;4,4;3,5;4,2;4,203;7573685,12
"2022-01-06 00:00:00";4,2;4,45;4,02;4,2;4,1946;11794354,27
"2022-01-07 00:00:00";4,07;4,3;4;4,15;4,1657;15168587,59
"2022-01-10 00:00:00";4,25;4,3;4,095;4,15;4,1997;19631302,49
"2022-01-11 00:00:00";4,15;4,649;4;4,25;4,2094;16173579,33
"2022-01-12 00:00:00";4,2;4,75;3,6;4,176;4,2068;8490616,77
"2022-01-13 00:00:00";4,15;4,4;3,8;4,4;4,157;11988168,34
"2022-01-14 00:00:00";4,12;4,4;3,9;4,2;4,1283;7791207,88
"2022-01-17 00:00:00";4,19;4,4;3,9;4,1;4,1469;6748219,95
"2022-01-18 00:00:00";4;4,35;3,95;4,1;4,1009;14579363,46
"2022-01-19 00:00:00";4,0899;4,4;3,9;4,12;4,116;12278614,67
"2022-01-20 00:00:00";4,02;4,35;3,7777;4,25;4,1136;13622139,13
"2022-01-21 00:00:00";2,64;4,3;2,64;4,15;3,1135;23622188,1
"2022-01-24 00:00:00";2,65;4,35;2,64;4,1;3,1762;17970588,65
"2022-01-25 00:00:00";2,64;4,35;2,64;4,1;2,9554;31693657,19
"2022-01-26 00:00:00";2,675;4,4;2,63;4,15;2,783;47079795,63
"2022-01-27 00:00:00";2,675;4,395;2,64;4,125;3,7848;10103799,23
"2022-01-28 00:00:00";4;4,3;2,65;4,05;4,0379;5411025,5
"2022-01-31 00:00:00";4,09;4,35;2,64;4,3;3,1817;7586169,75
"2022-02-01 00:00:00";4,02;4,38;3,9;4,025;4,1;11062473,17
"2022-02-02 00:00:00";4;4,31;3,9;4,05;4,0527;6222882,73
"2022-02-03 00:00:00";4,3;4,35;3,8;3,9;4,0764;9403731,55
"2022-02-04 00:00:00";4,1;4,4;3,785;4,09;4,0424;9408856,5
"2022-02-07 00:00:00";4,4;4,4;3,2;4,06;4,0738;6880002,78
"2022-02-08 00:00:00";4,05;4,4;3,8;3,98;4,1;6145205,73
"2022-02-09 00:00:00";3,97;4,45;3,9;4,0502;4,0895;5595117,13
"2022-02-10 00:00:00";4,15;4,45;3,9;4,03;4,1012;7012416,28
"2022-02-11 00:00:00";4;4,5;3,9;4;4,0562;7792556,54
"2022-02-14 00:00:00";4,1575;4,5;3,8;4,15;4,0576;8246224,05
"2022-02-15 00:00:00";4;4,5;3,3;4,05;4,0686;9875336,29
"2022-02-16 00:00:00";4;4,45;3,9;4,01;4,1035;8062875,07
"2022-02-17 00:00:00";3,95;4,47;3,5;4,47;4,0673;9255848,29
"2022-02-18 00:00:00";4;4,71;3,95;4,01;4,0346;7669319,09
"2022-02-21 00:00:00";4,1;4,45;3,5;3,95;4,0858;4802278,11
"2022-02-22 00:00:00";4,05;4,7;3,66;4,02;4,0465;8883871,6
"2022-02-23 00:00:00";4,08;4,46;3,98;4;4,0914;6944601,52
"2022-02-24 00:00:00";4,1;5;4;4,26;4,2365;28037861,03
"2022-02-25 00:00:00";4,3;5,03;4,1;4,4;4,3572;18398570,35
"2022-02-28 00:00:00";4,12;4,9;3,57;4,5;4,4668;26223235,93
"2022-03-01 00:00:00";4,5;4,85;4,3;4,825;4,5529;30207029,72
"2022-03-02 00:00:00";4,5;5,2;4;4,85;4,7625;40093650,03
"2022-03-03 00:00:00";4,75;5,41;4,5;4,9;5,017;34224848,83
"2022-03-04 00:00:00";5,199;5,55;4,09;5;5,1327;37414364,84
"2022-03-07 00:00:00";2,64;6,85;2,63;5,41;5,0832;54876499,08
"2022-03-08 00:00:00";2,65;5,95;2,63;5,36;4,5092;37834797,3
"2022-03-09 00:00:00";2,65;6;2,64;5,25;4,8107;37859869,71
"2022-03-10 00:00:00";5,3;5,7;2,64;4,935;5,0169;34745112,96
"2022-03-11 00:00:00";2,65;5,62;2,63;5,15;4,7275;41830469,22
"2022-03-14 00:00:00";5,05;6,88;2,64;5,1;5,043;34047746,14
"2022-03-15 00:00:00";5,1;6,77;2,64;5,2;4,7967;48215916,18
"2022-03-16 00:00:00";2,64;5,6;2,63;5,275;4,5646;34493117,82
"2022-03-17 00:00:00";2,65;5,6;2,63;5,1;5,1493;22728760
"2022-03-18 00:00:00";2,65;6,83;2,64;5,199;4,9664;23121367,35
"2022-03-21 00:00:00";2,65;6,85;2,64;5,25;4,9846;17625849,61
"2022-03-22 00:00:00";5,175;5,5;2,65;5,19;5,1537;21086871,77
"2022-03-23 00:00:00";5,099;5,499;2,64;5,25;5,0976;17765259,6
"2022-03-24 00:00:00";5,25;7,07;4,3;5,39;5,206;24155110,31
"2022-03-25 00:00:00";5,37;5,95;5;5,189;5,244;22462950,53
"2022-03-28 00:00:00";5,225;6;2,63;5,35;5,2404;7002837,8
"2022-03-29 00:00:00";2,65;7;2,65;5,24;5,2428;19230190,24
"2022-03-30 00:00:00";2,65;5,5;2,64;5;4,9808;15483544,75
"2022-03-31 00:00:00";4,27;5,62;2,65;5,3;5,2786;12717323,54
"2022-04-01 00:00:00";2,65;6,69;2,64;5,25;4,6711;12561158,04
"2022-04-04 00:00:00";5,3;5,5;5;5,2;5,2735;14780500,64
"2022-04-05 00:00:00";5,3;5,549;4,12;5,24;5,3062;17427653,09
"2022-04-06 00:00:00";5;5,891;4,4;5,21;5,2761;25565671,52
"2022-04-07 00:00:00";5,25;5,57;4,3;5,3;5,2874;15627464,91
"2022-04-08 00:00:00";5,2;6,3;4,9;5,2999;5,2734;15363183,1
"2022-04-11 00:00:00";5,2;6,48;4,9;5;5,291;11528767,9
"2022-04-12 00:00:00";5,3;5,62;3,225;5,3;5,0087;11292653,16
"2022-04-13 00:00:00";3,25;5,55;3,225;5,27;4,6249;14735234,66
"2022-04-14 00:00:00";5,35;5,65;3,25;5,4;4,0832;20106656,59
"2022-04-15 00:00:00";5,35;5,73;4,9;5,2;5,2481;15561883,97
"2022-04-18 00:00:00";5,2;5,5;3,225;5,219;5,1901;14624746,84
"2022-04-19 00:00:00";3,25;5,55;3,25;5,49;4,8021;20386299,31
"2022-04-20 00:00:00";5,225;5,475;3,25;5,17;4,8843;11430955,82
"2022-04-21 00:00:00";5,25;5,45;4,6;5,1;5,1881;16887726,99
"2022-04-22 00:00:00";5,2;5,4;3,225;5,25;5,0844;19986752,63
"2022-04-25 00:00:00";3,21;5,7;3,21;5,15;4,9428;28058300,85
"2022-04-26 00:00:00";5,15;5,65;3,225;5,1;5,0997;26611010,12
"2022-04-27 00:00:00";5,15;6;3,225;5,13;4,7934;36212373,59
"2022-04-28 00:00:00";5,15;5,75;3,225;5,26;5,209;19894573,37
"2022-04-29 00:00:00";5,18;5,5;5;5,2;5,2533;19192068,38
"2022-05-05 00:00:00";5,38;5,7;3,25;5,399;5,3073;10415022,17
"2022-05-06 00:00:00";5,375;5,75;4,97;5,42;5,3901;13114594,26
"2022-05-09 00:00:00";5,65;6;4,5;5,31;5,5332;23415741,14
"2022-05-10 00:00:00";5,5;6;3,465;5,69;5,4142;35065649,57
"2022-05-11 00:00:00";3,475;6,25;3,475;5,7;5,7529;25680320,05
"2022-05-12 00:00:00";5,45;6,185;3,475;5,92;5,2847;31443929,74
"2022-05-13 00:00:00";5,85;6,67;3,5;5,85;5,7874;19740738,79
"2022-05-16 00:00:00";5,8;6,185;5,5;5,85;5,8014;20744167,09
"2022-05-17 00:00:00";5,74;6,5;5;5,83;5,8219;23938827,47
"2022-05-18 00:00:00";5,79;6,3;5,6;5,8;5,8241;17520041
"2022-05-20 00:00:00";5,78;6,3;5,6;5,85;5,8904;25590792,52
"2022-05-23 00:00:00";5,97;6,5;5;5,5;5,9433;32114372,46
"2022-05-24 00:00:00";5,95;6,55;5,095;6,06;5,9925;21955804,81
"2022-05-25 00:00:00";6,09;6,85;5,7;5,945;6,0063;32186762,02
"2022-05-26 00:00:00";6;7;5,6;6,1;6,0632;41836884,83
"2022-05-27 00:00:00";6,09;7,15;5,95;6,2;6,2473;31550288,14
"2022-05-30 00:00:00";6,32;7,195;6;6,2;6,2917;17403836,12
"2022-05-31 00:00:00";6,055;7,7;5,75;6,2;6,3085;35797876,74
"2022-06-01 00:00:00";6,35;7,35;6;6,3249;6,2495;16229338,1
"2022-06-02 00:00:00";6,34;7,5;6;6,065;6,1623;21050746,72
"2022-06-03 00:00:00";6,07;8,5;6;6,25;6,2405;14503031
"2022-06-06 00:00:00";6,499;7,5;6;6,3;6,6194;25938952,08
"2022-06-07 00:00:00";6,7;7,75;6,25;6,55;6,685;25068214,75
"2022-06-08 00:00:00";6,75;9;6,4;6,7;6,6681;31423173,8
"2022-06-09 00:00:00";6,9;8,2;5,9;7,1;6,8421;14364821,8
"2022-06-10 00:00:00";6,72;7,5;6,5;7;6,8478;16135844,85
"2022-06-13 00:00:00";6,05;9;6,025;6,75;6,8759;18255287,32
"2022-06-14 00:00:00";6,05;8,52;6,05;6,75;6,9271;23357731,46
"2022-06-15 00:00:00";6,025;7,65;5,9;6,95;6,9062;10634262,03
"2022-06-16 00:00:00";6,025;7,55;6;7,05;6,9536;15328076,23
"2022-06-17 00:00:00";6,05;7,5;6;6,89;6,7987;29428774,58
"2022-06-20 00:00:00";6,025;7,5499;6,025;6,9;6,8088;28454291,84
"2022-06-21 00:00:00";6,025;7,2;6;6,75;6,8035;33616091,12
"2022-06-22 00:00:00";6,05;7,76;6;6,8501;6,7634;16249337,71
"2022-06-23 00:00:00";6;7,5;6;6,8;6,6545;16695200,34
"2022-06-24 00:00:00";6,05;8;6,025;6,775;6,6279;10118212,03
"2022-06-27 00:00:00";6;8,5;5,745;6,75;6,4071;17296903,98
"2022-06-28 00:00:00";6,05;7,5;5,975;6,65;6,414;23802594,55
"2022-06-29 00:00:00";6,15;7,35;5,9;6,6;6,3632;25190893,98
"2022-06-30 00:00:00";6;7,55;5,975;6,75;6,2329;30697170,35
"2022-07-01 00:00:00";6;7,7;5,975;6,74;6,4011;39530016,78
"2022-07-04 00:00:00";6,425;7,7;5,975;6,999;6,4691;86357293,54
"2022-07-05 00:00:00";6,375;7,3;6,025;6,59;6,4789;71137937,36
"2022-07-06 00:00:00";6,5;7,55;6;6,7;6,4508;105399775,87
"2022-07-07 00:00:00";6,375;7,646;6;6,6;6,4539;183953056,1
"2022-07-08 00:00:00";6,05;7,6;6,05;6,81;6,4472;55730890,01
"2022-07-13 00:00:00";6,88;8,47;6,115;7,1;6,8237;8247636,09
"2022-07-14 00:00:00";6,6;8,1;6;6,625;6,8215;9104268,15
"2022-07-18 00:00:00";6,7;8,361;6,4;7,5;6,9426;10077682,86
"2022-07-19 00:00:00";6,425;7,7;6,375;6,5;6,4429;411479584,67
"2022-07-20 00:00:00";6,425;7,55;5,75;7;6,4721;191401632,32
"2022-07-21 00:00:00";6,4;7,5;6,375;7,45;6,4462;224730632,07
"2022-07-22 00:00:00";6,52;7,47;5,85;7,15;6,8964;9138874,22
"2022-07-25 00:00:00";6,4;7,5;5,75;6,75;6,9216;23601685,9
"2022-07-26 00:00:00";6,425;7,4;6;6,65;6,4342;857294024,78
"2022-07-27 00:00:00";6,45;7,43;6,375;6,95;6,4344;755142413,46
"2022-07-28 00:00:00";6,425;7,41;6,375;6,74;6,4297;693966372,97
"2022-07-29 00:00:00";6,4;7,45;6,375;6,66;6,4413;202950123,4
"2022-08-01 00:00:00";6,375;7,5;6,2;6,73;6,4296;867482608,59
"2022-08-02 00:00:00";6,425;7,7;6,05;7,22;6,4333;332421083,99
"2022-08-03 00:00:00";6,85;7,4;6,3;6,7;6,7402;12938816,58
"2022-08-04 00:00:00";6,425;7,55;6;6,95;6,4382;398953371,57
"2022-08-05 00:00:00";6,5;7,6;6,375;6,7;6,8466;10602103,58
"2022-08-08 00:00:00";6,45;8,1;6,15;6,625;6,4293;918416784,9
"2022-08-09 00:00:00";7;7,5;6,4;6,5;6,7306;11037287,98
"2022-08-10 00:00:00";6,425;8;6,235;6,81;6,439;367040406,76
"2022-08-11 00:00:00";6,82;7,95;5,6;6,7;6,7983;7474237,54
"2022-08-12 00:00:00";6,9;7,5;6;7,5;6,7925;3784351,1
"2022-08-15 00:00:00";6,375;7,5;6,05;6,3;6,4222;1076163013,79
"2022-08-16 00:00:00";6,68;7,48;6;7,35;6,7739;8920825,75
"2022-08-17 00:00:00";6,6;7,2;4,465;6,85;4,8051;15799279,76
"2022-08-18 00:00:00";6,45;7,6;4,465;6,7;6,0378;710688110,56
"2022-08-19 00:00:00";4,475;7;4,465;6,85;4,5828;42283950,51
"2022-08-22 00:00:00";4,5;7,35;4,465;7;4,6615;31421345,26
"2022-08-23 00:00:00";6,4;7,3;4,465;6,4;6,0345;339356582,33
"2022-08-24 00:00:00";6,4;7,35;4,465;6,1;6,0726;342149666,51
"2022-08-25 00:00:00";4,5;7,3;4,465;6,8;4,5223;46350212,92
"2022-08-26 00:00:00";4,475;7,3;4,465;6,5;4,5317;51605522,13
"2022-08-29 00:00:00";6,425;7,7;4,465;6,2;6,0311;474927683,97
"2022-08-31 00:00:00";4,5;7,15;4,16;6,2;4,5263;57830198,29
"2022-09-01 00:00:00";4,465;7;4,465;6,3;4,8297;8884603,19
"2022-09-02 00:00:00";6,55;7;4,465;6,49;6,4199;416406794,38
"2022-09-05 00:00:00";6,25;7,5;5,9;6,9251;6,2334;3431175,85
"2022-09-06 00:00:00";6;7,2;5,8;5,85;6,2358;2937519,83
"2022-09-07 00:00:00";6,375;7;4,575;6;6,4263;617005411,23
"2022-09-08 00:00:00";6,425;7;5,85;6,3;6,4281;611893760,84
"2022-09-09 00:00:00";6,375;7,1;5;6,22;6,4308;1188772127,09
"2022-09-12 00:00:00";6,375;7,35;5,8999;6,5;6,4319;656064362,41
"2022-09-13 00:00:00";6,45;7,5;6,1;6,5;6,4146;34796147,3
"2022-09-14 00:00:00";6,55;7,4;5,8;6,7499;6,4635;37807303,4
"2022-09-15 00:00:00";6,425;7,5;5,5;6,3;6,4792;18325781,76
"2022-09-16 00:00:00";6,375;7,3;6;6,43;6,5081;10258920,11
"2022-09-19 00:00:00";6,375;7,5;6,2;6,5;6,5076;8514506,11
"2022-09-20 00:00:00";6,375;7,51;6,2;6,9;6,6228;8913432,18
"2022-09-21 00:00:00";6,425;7,6;6;7,05;6,6785;5866683
"2022-09-22 00:00:00";6,375;7,501;6,275;6,4;6,5856;3993170,9
"2022-09-23 00:00:00";6,45;7,55;6;6,45;6,5411;11692666,04
"2022-09-26 00:00:00";6,375;7,25;6,2501;6,55;6,6203;5598162,72
"2022-09-27 00:00:00";6,4;7,6;6,4;7,15;6,6323;10628539,98
"2022-09-28 00:00:00";7;7,45;6,35;6,75;6,6683;3245801,55
"2022-09-29 00:00:00";4,5;7,45;4,46;6,64;4,5497;175902264,25
"2022-09-30 00:00:00";4,46;7,35;4,46;6,75;4,653;40171585,06
"2022-10-03 00:00:00";4,475;7,6;4,46;6,6;4,6183;57466709,4
"2022-10-04 00:00:00";4,5;7,5;4,46;6,5;4,5705;76297640,22
"2022-10-05 00:00:00";4,5;7,3;4,46;6,5;4,5802;127717792,09
"2022-10-06 00:00:00";4,475;7,6;4,46;6,65;4,5454;147857192,37
"2022-10-07 00:00:00";4,46;7,32;4,46;6,65;4,5121;157356823,16
"2022-10-10 00:00:00";4,5;7,35;4,46;6,6;4,8142;17153167,89
"2022-10-11 00:00:00";6,65;7,37;4,475;6,5;6,4627;9136086,7
"2022-10-12 00:00:00";6,6;7,65;6;6,56;6,9024;5977291,48
"2022-10-13 00:00:00";7,1;7,5;6,4;6,745;6,7509;7374716,28
"2022-10-14 00:00:00";6,65;7,5;6;7,3;6,9294;6589962,7
"2022-10-17 00:00:00";7,5;7,5;6,5;6,75;6,8794;2477451,31
"2022-10-18 00:00:00";6,375;7,58;6,375;6,85;6,8335;5347316,57
"2022-10-19 00:00:00";7,625;7,625;6,5;6,68;7,0139;4538039,75
"2022-10-20 00:00:00";7,1;7,6;6,29;7,56;6,8528;4706943,62
"2022-10-21 00:00:00";7,1;7,65;5;7,1;6,8357;3645034,15
"2022-10-24 00:00:00";6,45;7,15;6;6,8;6,6461;2953315,6
"2022-10-25 00:00:00";6,4999;7,6;6;7;6,9437;8775545,5
"2022-10-26 00:00:00";6,3;7,55;6;6,585;6,7807;3631368,04
"2022-10-27 00:00:00";6,8;7,8001;5,49;6,995;6,8443;4173974,98
"2022-10-28 00:00:00";6,4;7;6,4;7;6,642;547469
"2022-10-31 00:00:00";6,375;7,7;5,65;6,78;6,7374;3050950,2
"2022-11-01 00:00:00";4,465;7,42;4,46;6,78;4,5128;219634649,3
"2022-11-02 00:00:00";4,475;7,25;4,46;7;4,5232;119622339,31
"2022-11-03 00:00:00";4,5;7,7;4,46;7;4,5583;73952015,52
"2022-11-04 00:00:00";4,465;7,63;4,465;7;4,5667;70549611,64
"2022-11-07 00:00:00";4,5;7,65;4,46;4,465;4,5511;94162945,55
"2022-11-08 00:00:00";6,375;7,2;4,46;7,1;4,5099;89429746,98
"2022-11-09 00:00:00";4,46;7,6;4,46;6,55;4,514;89713596,74
"2022-11-10 00:00:00";4,465;7,6;4,46;6,85;4,5581;108600604,7
"2022-11-11 00:00:00";4,46;7,33;4,46;6,39;4,5185;98292240,56
"2022-11-14 00:00:00";6,425;7,1;6,3;6,76;6,719;1761256,05
"2022-11-15 00:00:00";6,2;7,55;6,2;6,22;6,8821;3384663
"2022-11-16 00:00:00";6,4;7,65;6,15;6,7;6,6221;3689313,1
"2022-11-17 00:00:00";4,5;7,5;4,46;6,6;4,5616;21707916,25
"2022-11-18 00:00:00";4,5;7;4,46;4,5;4,5964;18936303,46
"2022-11-21 00:00:00";4,5;7,25;4,46;7;4,5202;76464210,12
"2022-11-22 00:00:00";4,575;7,1;4,46;5,9;4,7697;27222846,23
"2022-11-23 00:00:00";4,575;8,4;4,46;6,5;4,6504;22267242,27
"2022-11-24 00:00:00";4,575;7,8;4,46;6,1;4,5811;42772854,45
"2022-11-25 00:00:00";4,5;7,5;4,46;4,5;4,8224;12875689,2
"2022-11-28 00:00:00";6,425;6,9599;4,46;4,5;4,6747;19890493,78
"2022-11-29 00:00:00";6,375;6,87;4,46;6,35;4,5714;39210402,54
"2022-11-30 00:00:00";4,575;9;4,46;6,4;4,6641;24469147,32
"2022-12-01 00:00:00";5,85;7,2;4,46;6,2;4,563;34119434
"2022-12-02 00:00:00";6;6,9;4,46;6,1;4,698;33150783,56
"2022-12-05 00:00:00";4,46;7,25;4,46;6;4,5672;30121542,54
"2022-12-06 00:00:00";6,425;7,3;4,46;5,8;4,6184;42541631,23
"2022-12-07 00:00:00";6,4;7,1;5,9;6,1;6,2749;4057857,3
"2022-12-08 00:00:00";6,45;7,25;5,24;6,4;6,4984;2595383,24
"2022-12-09 00:00:00";6,4;7;4,85;6,06;6,3731;4936487,8
"2022-12-12 00:00:00";6,3;7;6;6,3;6,2609;3571325,05
"2022-12-13 00:00:00";6,4;7,45;5,95;6,02;6,438;4748025,36
"2022-12-14 00:00:00";6,45;7,1;6;6,5;6,3632;3711921,9
"2022-12-15 00:00:00";6,45;7,0002;5,7;6,29;6,4641;4314282,8
"2022-12-16 00:00:00";6,375;6,8;5,3;6,15;6,4037;5412161,82
"2022-12-19 00:00:00";6,375;6,7;6;6;6,47;3545247,39
"2022-12-20 00:00:00";6,45;7,2;4,46;6,35;4,6554;22764845,16
"2022-12-21 00:00:00";6,425;7,15;4,46;6,3749;4,9999;11092909,06
"2022-12-22 00:00:00";4,5;7,5;4,46;6,8;4,9511;12781437,71
"2022-12-23 00:00:00";6,425;7,5;4,46;6,425;5,5032;13809694,48
"2022-12-26 00:00:00";4,5;7,55;4,46;6,7;4,7024;22908392,05
"2022-12-27 00:00:00";6,425;7;4,46;6,5;5,3529;26736457,7
"2022-12-28 00:00:00";6,375;7,5;4,46;6,25;4,8176;15535269,07
"2022-12-29 00:00:00";6,45;6,85;4,46;6,35;5,2455;19707806,25
"2022-12-30 00:00:00";6,45;6,8;4,46;6,1;5,5712;9784294,35
"2023-01-02 00:00:00";6,425;7,6;4,465;6,35;5,0054;21789460,01
"2023-01-03 00:00:00";6,425;7,5;4,46;6,5;4,5937;33150955,38
"2023-01-04 00:00:00";6,425;7,5;4,46;6,301;4,7432;30148785,18
"2023-01-05 00:00:00";6,375;7,6;4,46;6,5;4,7343;37783752,91
"2023-01-06 00:00:00";6,375;7,65;4,46;6,38;5,1543;9989178,8
"2023-01-09 00:00:00";6,425;7,5;4,46;6,5;4,8233;26003372,71
"2023-01-10 00:00:00";6,425;7,3;4,46;6,5;4,7887;25691523,15
"2023-01-11 00:00:00";6,375;7,6;4,46;6,55;4,6922;44622283,91
"2023-01-12 00:00:00";6,425;7,2;4,46;4,475;4,7063;67128288,33
"2023-01-13 00:00:00";6,425;7,6;4,46;6,65;4,8763;20139090,4
"2023-01-16 00:00:00";6,425;7,68;5,6;6,5;6,4077;8045768,97
"2023-01-17 00:00:00";6,55;7,6;6;6,6;6,4931;7344710,73
"2023-01-18 00:00:00";6,425;7,5;6,1;6,425;6,606;4627545,75
"2023-01-19 00:00:00";6,45;7,1;6;6,5;6,5014;8023068,95
"2023-01-20 00:00:00";6,4;7,6;4,46;6,48;4,7127;74827613,27
"2023-01-23 00:00:00";6,375;7,55;4,46;6,4;4,6406;83177883,49
"2023-01-24 00:00:00";6,425;7,75;4,46;6,64;4,7114;49246149,32
"2023-01-25 00:00:00";6,425;7;4,46;6,5;4,637;40838873,53
"2023-01-26 00:00:00";6,4;7,6;4,46;6,25;4,7319;24319677,6
"2023-01-27 00:00:00";6,375;7;4,46;6,29;4,7467;42243799,41
"2023-01-30 00:00:00";6,4;7;4,46;6,35;4,5603;95750528,75
"2023-01-31 00:00:00";6,45;7,2;4,46;6,4;4,6255;52037853,55
"2023-02-01 00:00:00";6,375;7,25;4,46;6,88;4,7645;46491766,4
"2023-02-02 00:00:00";6,4;7,2;4,46;6,8;4,6831;44257649,82
"2023-02-03 00:00:00";4,475;7,9;4,46;6,65;4,8095;21555503,85
"2023-02-06 00:00:00";6,35;7,15;4,46;6,5;4,6754;21719592,13
"2023-02-07 00:00:00";4,5;7,25;4,46;6,49;4,5546;68356660,76
"2023-02-08 00:00:00";6,53;7,3;4,46;6,65;4,583;57086121,29
"2023-02-09 00:00:00";6,4;7;4,46;6,954;4,6743;52711594,76
"2023-02-10 00:00:00";4,475;7,8;4,46;6,5;4,644;60831224,79
"2023-02-13 00:00:00";4,575;7,83;4,46;4,475;4,8156;54800313,95
"2023-02-14 00:00:00";4,475;7,7;4,46;6,385;4,7421;38669186,23
"2023-02-15 00:00:00";6,375;7,1;4,46;4,5;4,8138;34547115,69
"2023-02-16 00:00:00";6,375;6,8;4,46;6,71;4,7272;28921515,82
"2023-02-17 00:00:00";4,465;8;4,46;6,4;4,9505;24370032,52
"2023-02-20 00:00:00";6,375;7,35;4,46;6,7;4,6017;54829928,74
"2023-02-21 00:00:00";6,4;7,85;4,46;6,351;4,7031;43781376
"2023-02-22 00:00:00";4,465;7,85;4,46;6,375;4,7532;34260770,15
"2023-02-23 00:00:00";6,4;7,8;4,46;6,15;4,759;32767385,51
"2023-02-24 00:00:00";4,575;7,5701;4,46;7;4,6788;36525700,7
"2023-02-27 00:00:00";6,4;6,95;4,46;6,3;4,6668;62079723,29
"2023-02-28 00:00:00";4,575;7,8;4,46;6,5;4,6116;37216256,84
"2023-03-01 00:00:00";6,44;7;6;6,4;6,542;3144739,3
"2023-03-02 00:00:00";6,4;7,05;4,46;6,55;4,8851;18556850,29
"2023-03-03 00:00:00";6,425;7,85;4,46;6,3;5,3889;11439079,61
"2023-03-06 00:00:00";6,375;7,45;4,465;4,5;4,5356;45983254,72
"2023-03-07 00:00:00";6,375;7;4,46;6,65;4,5897;36429235,41
"2023-03-08 00:00:00";6,4;7;4,46;6,35;4,9143;14170288,7
"2023-03-09 00:00:00";6,15;7,9;4,46;6,15;4,6724;16091760,38
"2023-03-10 00:00:00";6,4;8;4,475;6,54;5,8441;6547342,22
"2023-03-13 00:00:00";6,375;7,49;4,46;6,2;4,7112;33191379
"2023-03-14 00:00:00";4,475;7,85;4,46;5,85;4,7766;19531084,8
"2023-03-15 00:00:00";4,46;7,3;4,46;6,15;5,1406;8243065
"2023-03-16 00:00:00";6,4;7,1;4,46;6,7;4,7913;15723840,32
"2023-03-17 00:00:00";6,4;7,8;4,46;6,5;4,7254;31223375,68
"2023-03-20 00:00:00";6,375;6,9;4,46;4,5;4,5219;139997177,08
"2023-03-21 00:00:00";6,4;6,89;4,46;6,2;4,5864;78055477,92
"2023-03-22 00:00:00";6,45;6,8;4,46;5,98;4,5583;60948520,07
"2023-03-23 00:00:00";6,4;7,4;4,46;6,08;4,5703;58659601,25
"2023-03-24 00:00:00";6,425;6,95;4,46;6,25;4,5433;135968898,72
"2023-03-27 00:00:00";4,475;6,85;4,46;6,85;4,547;57206820,36
"2023-03-28 00:00:00";6,4;6,8;4,46;6,7;4,5613;115862204,21
"2023-03-29 00:00:00";6,375;6,75;4,46;6,2;4,6709;85807626,55
"2023-03-30 00:00:00";6,55;6,8;4,46;4,46;4,6099;68126015,89
"2023-03-31 00:00:00";6,425;7;4,46;4,475;4,6775;34132860,18
"2023-04-03 00:00:00";6,45;6,89;4,46;6,45;4,5431;94516389,08
"2023-04-04 00:00:00";4,475;7,2;4,46;5,95;4,5126;227217866,19
"2023-04-05 00:00:00";6,4;6,85;4,46;6;5,8061;20996206,02
"2023-04-06 00:00:00";4,475;7,25;4,46;5,75;4,6766;36556506,63
"2023-04-07 00:00:00";6,375;7,4;4,46;6;4,6702;58557057,83
"2023-04-10 00:00:00";4,5;7;4,46;6,35;4,6388;38837406,65
"2023-04-11 00:00:00";6,45;7,5;4,46;6,5;4,8087;57125610,71
"2023-04-12 00:00:00";4,46;7,05;4,46;6,45;4,6602;64264205,93
"2023-04-13 00:00:00";6,375;7,4;4,46;5,75;4,9349;40244955,3
"2023-04-14 00:00:00";6,4;7,4;4,46;5,9;4,7333;33815174,65